Ann+Hand;3236+Prospect+St+NW,+Washington,+DC;
Blue+Mercury;50+Massachusetts+Ave+NE,+Washington,+DC;
Blue+Mercury;1427+P+St+NW,+Washington,+DC;
Blue+Mercury;1619+Connecticut+Ave+NW,+Washington,+DC;
Blue+Mercury;1145+Connecticut+Ave+NW,+Washington,+DC;
Blue+Mercury;3059+M+St+NW,+Washington,+DC;
Blue+Mercury;1010+Wisconsin+Ave+NW,+Washington,+DC;
Blue+Mercury;2855+Clarendon+Blvd,+Arlington,+VA;
Blue+Mercury;3320+Wisconsin+Ave,+Washington,+DC;
Buffalo+&+Bergen;1309+5th+St+NE,+Washington,+DC;
Centrolina;974+Palmer+Alley+NW,+Washington,+DC;
